student,event_type,course_id,term,unit_load,invalidated,delta_terms,grad_before,grad_after,recalc_ms,full_plan_ms,valid,explanation
alex,Fail,MATH 2210,Fall 2026,,11,2,Spring 2030,Spring 2031,1.574,1.06,True,"Graduation delayed by 2 term(s) (Spring 2030 → Spring 2031) because MATH 2210 must be retaken and gates 10 planned course(s); CSE 4310, CSE 4880, PHYS 2510, PHYS 2510L only run once a year."
alex,Withdraw,MATH 2210,Fall 2026,,11,2,Spring 2030,Spring 2031,1.338,1.06,True,"Graduation delayed by 2 term(s) (Spring 2030 → Spring 2031) because MATH 2210 must be retaken and gates 10 planned course(s); CSE 4310, CSE 4880, PHYS 2510, PHYS 2510L only run once a year."
alex,Fail,MATH 2265,Fall 2026,,2,1,Spring 2030,Fall 2030,1.032,1.06,True,Graduation delayed by 1 term(s) (Spring 2030 → Fall 2030) because MATH 2265 must be retaken and gates 1 planned course(s).
alex,Withdraw,MATH 2265,Fall 2026,,2,1,Spring 2030,Fall 2030,1.027,1.06,True,Graduation delayed by 1 term(s) (Spring 2030 → Fall 2030) because MATH 2265 must be retaken and gates 1 planned course(s).
alex,Fail,CSE 2010,Fall 2026,,22,1,Spring 2030,Fall 2030,1.611,1.06,True,"Graduation delayed by 1 term(s) (Spring 2030 → Fall 2030) because CSE 2010 must be retaken and gates 21 planned course(s); CSE 4100, CSE 4310, CSE 4880, CSE 5250, CSE 5700, CSE 5720 only run once a year."
alex,Withdraw,CSE 2010,Fall 2026,,22,1,Spring 2030,Fall 2030,1.574,1.06,True,"Graduation delayed by 1 term(s) (Spring 2030 → Fall 2030) because CSE 2010 must be retaken and gates 21 planned course(s); CSE 4100, CSE 4310, CSE 4880, CSE 5250, CSE 5700, CSE 5720 only run once a year."
alex,Fail,MATH 2372,Fall 2026,,20,1,Spring 2030,Fall 2030,1.485,1.06,True,"Graduation delayed by 1 term(s) (Spring 2030 → Fall 2030) because MATH 2372 must be retaken and gates 19 planned course(s); CSE 4100, CSE 4310, CSE 4880, CSE 5250, CSE 5700, CSE 5720 only run once a year."
alex,Withdraw,MATH 2372,Fall 2026,,20,1,Spring 2030,Fall 2030,1.383,1.06,True,"Graduation delayed by 1 term(s) (Spring 2030 → Fall 2030) because MATH 2372 must be retaken and gates 19 planned course(s); CSE 4100, CSE 4310, CSE 4880, CSE 5250, CSE 5700, CSE 5720 only run once a year."
alex,Fail,CSE 2020,Spring 2027,,13,1,Spring 2030,Fall 2030,1.292,1.06,True,"Graduation delayed by 1 term(s) (Spring 2030 → Fall 2030) because CSE 2020 must be retaken and gates 12 planned course(s); CSE 4100, CSE 4310, CSE 4880, CSE 5700, CSE 5720 only run once a year."
alex,Withdraw,CSE 2020,Spring 2027,,13,1,Spring 2030,Fall 2030,1.211,1.06,True,"Graduation delayed by 1 term(s) (Spring 2030 → Fall 2030) because CSE 2020 must be retaken and gates 12 planned course(s); CSE 4100, CSE 4310, CSE 4880, CSE 5700, CSE 5720 only run once a year."
alex,Fail,MATH 2220,Spring 2027,,9,2,Spring 2030,Spring 2031,1.243,1.06,True,"Graduation delayed by 2 term(s) (Spring 2030 → Spring 2031) because MATH 2220 must be retaken and gates 8 planned course(s); CSE 4310, CSE 4880, PHYS 2510, PHYS 2510L only run once a year."
alex,Withdraw,MATH 2220,Spring 2027,,9,2,Spring 2030,Spring 2031,1.242,1.06,True,"Graduation delayed by 2 term(s) (Spring 2030 → Spring 2031) because MATH 2220 must be retaken and gates 8 planned course(s); CSE 4310, CSE 4880, PHYS 2510, PHYS 2510L only run once a year."
alex,Fail,MATH 2310,Spring 2027,,3,2,Spring 2030,Spring 2031,1.174,1.06,True,Graduation delayed by 2 term(s) (Spring 2030 → Spring 2031) because MATH 2310 must be retaken and gates 2 planned course(s); CSE 4310 only runs once a year.
alex,Withdraw,MATH 2310,Spring 2027,,3,2,Spring 2030,Spring 2031,1.078,1.06,True,Graduation delayed by 2 term(s) (Spring 2030 → Spring 2031) because MATH 2310 must be retaken and gates 2 planned course(s); CSE 4310 only runs once a year.
alex,Fail,PHYS 2500,Spring 2027,,5,2,Spring 2030,Spring 2031,1.108,1.06,True,"Graduation delayed by 2 term(s) (Spring 2030 → Spring 2031) because PHYS 2500 must be retaken and gates 4 planned course(s); PHYS 2510, PHYS 2510L only run once a year."
alex,Withdraw,PHYS 2500,Spring 2027,,5,2,Spring 2030,Spring 2031,1.218,1.06,True,"Graduation delayed by 2 term(s) (Spring 2030 → Spring 2031) because PHYS 2500 must be retaken and gates 4 planned course(s); PHYS 2510, PHYS 2510L only run once a year."
alex,Fail,CSE 2130,Fall 2027,,7,2,Spring 2030,Spring 2031,1.134,1.06,True,"Graduation delayed by 2 term(s) (Spring 2030 → Spring 2031) because CSE 2130 must be retaken and gates 6 planned course(s); CSE 4880, CSE 5250, CSE 5700 only run once a year."
alex,Withdraw,CSE 2130,Fall 2027,,7,2,Spring 2030,Spring 2031,1.494,1.06,True,"Graduation delayed by 2 term(s) (Spring 2030 → Spring 2031) because CSE 2130 must be retaken and gates 6 planned course(s); CSE 4880, CSE 5250, CSE 5700 only run once a year."
alex,Fail,CSE 3100,Fall 2027,,4,2,Spring 2030,Spring 2031,1.062,1.06,True,Graduation delayed by 2 term(s) (Spring 2030 → Spring 2031) because CSE 3100 must be retaken and gates 3 planned course(s); CSE 5250 only runs once a year.
alex,Withdraw,CSE 3100,Fall 2027,,4,2,Spring 2030,Spring 2031,1.049,1.06,True,Graduation delayed by 2 term(s) (Spring 2030 → Spring 2031) because CSE 3100 must be retaken and gates 3 planned course(s); CSE 5250 only runs once a year.
alex,Fail,CSE 5720,Fall 2027,,2,1,Spring 2030,Fall 2030,0.986,1.06,True,Graduation delayed by 1 term(s) (Spring 2030 → Fall 2030) because CSE 5720 must be retaken and gates 1 planned course(s); CSE 5720 only runs once a year.
alex,Withdraw,CSE 5720,Fall 2027,,2,1,Spring 2030,Fall 2030,1.031,1.06,True,Graduation delayed by 1 term(s) (Spring 2030 → Fall 2030) because CSE 5720 must be retaken and gates 1 planned course(s); CSE 5720 only runs once a year.
alex,Fail,CSE 5000,Fall 2027,,2,1,Spring 2030,Fall 2030,1.021,1.06,True,Graduation delayed by 1 term(s) (Spring 2030 → Fall 2030) because CSE 5000 must be retaken and gates 1 planned course(s).
alex,Withdraw,CSE 5000,Fall 2027,,2,1,Spring 2030,Fall 2030,0.997,1.06,True,Graduation delayed by 1 term(s) (Spring 2030 → Fall 2030) because CSE 5000 must be retaken and gates 1 planned course(s).
alex,Fail,PHYS 2500L,Fall 2027,,3,0,Spring 2030,Spring 2030,0.971,1.06,True,"Graduation unchanged (Spring 2030): PHYS 2500L must be retaken and gates 2 planned course(s), but existing slack absorbs it."
alex,Withdraw,PHYS 2500L,Fall 2027,,3,0,Spring 2030,Spring 2030,0.979,1.06,True,"Graduation unchanged (Spring 2030): PHYS 2500L must be retaken and gates 2 planned course(s), but existing slack absorbs it."
alex,Fail,CSE 4010,Spring 2028,,3,2,Spring 2030,Spring 2031,1.014,1.06,True,Graduation delayed by 2 term(s) (Spring 2030 → Spring 2031) because CSE 4010 must be retaken and gates 2 planned course(s); CSE 5250 only runs once a year.
alex,Withdraw,CSE 4010,Spring 2028,,3,2,Spring 2030,Spring 2031,1.307,1.06,True,Graduation delayed by 2 term(s) (Spring 2030 → Spring 2031) because CSE 4010 must be retaken and gates 2 planned course(s); CSE 5250 only runs once a year.
alex,Fail,CSE 4310,Spring 2028,,2,2,Spring 2030,Spring 2031,1.059,1.06,True,Graduation delayed by 2 term(s) (Spring 2030 → Spring 2031) because CSE 4310 must be retaken and gates 1 planned course(s); CSE 4310 only runs once a year.
alex,Withdraw,CSE 4310,Spring 2028,,2,2,Spring 2030,Spring 2031,1.043,1.06,True,Graduation delayed by 2 term(s) (Spring 2030 → Spring 2031) because CSE 4310 must be retaken and gates 1 planned course(s); CSE 4310 only runs once a year.
alex,Fail,PHYS 2510,Spring 2028,,3,2,Spring 2030,Spring 2031,1.035,1.06,True,"Graduation delayed by 2 term(s) (Spring 2030 → Spring 2031) because PHYS 2510 must be retaken and gates 2 planned course(s); PHYS 2510, PHYS 2510L only run once a year."
alex,Withdraw,PHYS 2510,Spring 2028,,3,2,Spring 2030,Spring 2031,1.026,1.06,True,"Graduation delayed by 2 term(s) (Spring 2030 → Spring 2031) because PHYS 2510 must be retaken and gates 2 planned course(s); PHYS 2510, PHYS 2510L only run once a year."
alex,Fail,PHYS 2510L,Spring 2028,,2,0,Spring 2030,Spring 2030,1.178,1.06,True,"Graduation unchanged (Spring 2030): PHYS 2510L must be retaken and gates 1 planned course(s), but existing slack absorbs it."
alex,Withdraw,PHYS 2510L,Spring 2028,,2,0,Spring 2030,Spring 2030,0.972,1.06,True,"Graduation unchanged (Spring 2030): PHYS 2510L must be retaken and gates 1 planned course(s), but existing slack absorbs it."
alex,Fail,CSE 4600,Spring 2028,,2,1,Spring 2030,Fall 2030,0.977,1.06,True,Graduation delayed by 1 term(s) (Spring 2030 → Fall 2030) because CSE 4600 must be retaken and gates 1 planned course(s).
alex,Withdraw,CSE 4600,Spring 2028,,2,1,Spring 2030,Fall 2030,0.984,1.06,True,Graduation delayed by 1 term(s) (Spring 2030 → Fall 2030) because CSE 4600 must be retaken and gates 1 planned course(s).
alex,Fail,CSE 5700,Fall 2028,,2,1,Spring 2030,Fall 2030,0.961,1.06,True,Graduation delayed by 1 term(s) (Spring 2030 → Fall 2030) because CSE 5700 must be retaken and gates 1 planned course(s); CSE 5700 only runs once a year.
alex,Withdraw,CSE 5700,Fall 2028,,2,1,Spring 2030,Fall 2030,1.838,1.06,True,Graduation delayed by 1 term(s) (Spring 2030 → Fall 2030) because CSE 5700 must be retaken and gates 1 planned course(s); CSE 5700 only runs once a year.
alex,Fail,CSE 4050,Fall 2028,,2,1,Spring 2030,Fall 2030,0.985,1.06,True,Graduation delayed by 1 term(s) (Spring 2030 → Fall 2030) because CSE 4050 must be retaken and gates 1 planned course(s).
alex,Withdraw,CSE 4050,Fall 2028,,2,1,Spring 2030,Fall 2030,0.978,1.06,True,Graduation delayed by 1 term(s) (Spring 2030 → Fall 2030) because CSE 4050 must be retaken and gates 1 planned course(s).
alex,Fail,CSE 4400,Fall 2028,,2,1,Spring 2030,Fall 2030,0.979,1.06,True,Graduation delayed by 1 term(s) (Spring 2030 → Fall 2030) because CSE 4400 must be retaken and gates 1 planned course(s).
alex,Withdraw,CSE 4400,Fall 2028,,2,1,Spring 2030,Fall 2030,1.043,1.06,True,Graduation delayed by 1 term(s) (Spring 2030 → Fall 2030) because CSE 4400 must be retaken and gates 1 planned course(s).
alex,Fail,CSE 4550,Fall 2028,,2,1,Spring 2030,Fall 2030,1.029,1.06,True,Graduation delayed by 1 term(s) (Spring 2030 → Fall 2030) because CSE 4550 must be retaken and gates 1 planned course(s).
alex,Withdraw,CSE 4550,Fall 2028,,2,1,Spring 2030,Fall 2030,0.994,1.06,True,Graduation delayed by 1 term(s) (Spring 2030 → Fall 2030) because CSE 4550 must be retaken and gates 1 planned course(s).
alex,Fail,CSE 5120,Fall 2028,,2,1,Spring 2030,Fall 2030,0.973,1.06,True,Graduation delayed by 1 term(s) (Spring 2030 → Fall 2030) because CSE 5120 must be retaken and gates 1 planned course(s).
alex,Withdraw,CSE 5120,Fall 2028,,2,1,Spring 2030,Fall 2030,0.965,1.06,True,Graduation delayed by 1 term(s) (Spring 2030 → Fall 2030) because CSE 5120 must be retaken and gates 1 planned course(s).
alex,Fail,CSE 4100,Spring 2029,,2,2,Spring 2030,Spring 2031,1.102,1.06,True,Graduation delayed by 2 term(s) (Spring 2030 → Spring 2031) because CSE 4100 must be retaken and gates 1 planned course(s); CSE 4100 only runs once a year.
alex,Withdraw,CSE 4100,Spring 2029,,2,2,Spring 2030,Spring 2031,1.027,1.06,True,Graduation delayed by 2 term(s) (Spring 2030 → Spring 2031) because CSE 4100 must be retaken and gates 1 planned course(s); CSE 4100 only runs once a year.
alex,Fail,CSE 5250,Spring 2029,,2,2,Spring 2030,Spring 2031,0.987,1.06,True,Graduation delayed by 2 term(s) (Spring 2030 → Spring 2031) because CSE 5250 must be retaken and gates 1 planned course(s); CSE 5250 only runs once a year.
alex,Withdraw,CSE 5250,Spring 2029,,2,2,Spring 2030,Spring 2031,0.985,1.06,True,Graduation delayed by 2 term(s) (Spring 2030 → Spring 2031) because CSE 5250 must be retaken and gates 1 planned course(s); CSE 5250 only runs once a year.
alex,Fail,CSE 5360,Spring 2029,,2,1,Spring 2030,Fall 2030,0.947,1.06,True,Graduation delayed by 1 term(s) (Spring 2030 → Fall 2030) because CSE 5360 must be retaken and gates 1 planned course(s).
alex,Withdraw,CSE 5360,Spring 2029,,2,1,Spring 2030,Fall 2030,0.958,1.06,True,Graduation delayed by 1 term(s) (Spring 2030 → Fall 2030) because CSE 5360 must be retaken and gates 1 planned course(s).
alex,Fail,CSE 5500,Fall 2029,,1,1,Spring 2030,Fall 2030,1.222,1.06,True,Graduation delayed by 1 term(s) (Spring 2030 → Fall 2030) because CSE 5500 must be retaken and gates 0 planned course(s).
alex,Withdraw,CSE 5500,Fall 2029,,1,1,Spring 2030,Fall 2030,0.947,1.06,True,Graduation delayed by 1 term(s) (Spring 2030 → Fall 2030) because CSE 5500 must be retaken and gates 0 planned course(s).
alex,Fail,CSE 4880,Spring 2030,,1,2,Spring 2030,Spring 2031,0.941,1.06,True,Graduation delayed by 2 term(s) (Spring 2030 → Spring 2031) because CSE 4880 must be retaken and gates 0 planned course(s); CSE 4880 only runs once a year.
alex,Withdraw,CSE 4880,Spring 2030,,1,2,Spring 2030,Spring 2031,0.937,1.06,True,Graduation delayed by 2 term(s) (Spring 2030 → Spring 2031) because CSE 4880 must be retaken and gates 0 planned course(s); CSE 4880 only runs once a year.
alex,Add Summer,,Summer 2027,,30,0,Spring 2030,Spring 2030,1.504,1.06,True,"Graduation unchanged (Spring 2030): Summer 2027 adds up to 8 units of capacity, but existing slack absorbs it."
alex,Change Unit Load,,Fall 2026,9,39,7,Spring 2030,Fall 2033,2.639,1.06,True,"Graduation delayed by 7 term(s) (Spring 2030 → Fall 2033) because the unit cap changed from 16 to 9; CSE 4100, CSE 4310, CSE 4880, CSE 5250, CSE 5700, CSE 5720, PHYS 2510, PHYS 2510L only run once a year."
alex,Change Unit Load,,Fall 2026,12,39,3,Spring 2030,Fall 2031,2.029,1.06,True,"Graduation delayed by 3 term(s) (Spring 2030 → Fall 2031) because the unit cap changed from 16 to 12; CSE 4100, CSE 4310, CSE 4880, CSE 5250, CSE 5700, CSE 5720, PHYS 2510, PHYS 2510L only run once a year."
alex,Change Unit Load,,Fall 2026,18,39,0,Spring 2030,Spring 2030,1.733,1.06,True,"Graduation unchanged (Spring 2030): the unit cap changed from 16 to 18, but existing slack absorbs it."
alex,Pass,CSE 2020,Spring 2027,,12,0,Spring 2030,Spring 2030,1.198,1.06,True,"Graduation unchanged (Spring 2030): credit for CSE 2020 lets 12 downstream course(s) be re-sequenced, but existing slack absorbs it."
alex,Pass,MATH 2220,Spring 2027,,8,0,Spring 2030,Spring 2030,1.065,1.06,True,"Graduation unchanged (Spring 2030): credit for MATH 2220 lets 8 downstream course(s) be re-sequenced, but existing slack absorbs it."
alex,Pass,MATH 2310,Spring 2027,,2,0,Spring 2030,Spring 2030,0.968,1.06,True,"Graduation unchanged (Spring 2030): credit for MATH 2310 lets 2 downstream course(s) be re-sequenced, but existing slack absorbs it."
alex,Pass,PHYS 2500,Spring 2027,,4,0,Spring 2030,Spring 2030,1.011,1.06,True,"Graduation unchanged (Spring 2030): credit for PHYS 2500 lets 4 downstream course(s) be re-sequenced, but existing slack absorbs it."
alex,Pass,CSE 2130,Fall 2027,,6,0,Spring 2030,Spring 2030,1.177,1.06,True,"Graduation unchanged (Spring 2030): credit for CSE 2130 lets 6 downstream course(s) be re-sequenced, but existing slack absorbs it."
alex,Pass,CSE 3100,Fall 2027,,3,0,Spring 2030,Spring 2030,1.003,1.06,True,"Graduation unchanged (Spring 2030): credit for CSE 3100 lets 3 downstream course(s) be re-sequenced, but existing slack absorbs it."
alex,Pass,CSE 5720,Fall 2027,,0,0,Spring 2030,Spring 2030,0.919,1.06,True,"Graduation unchanged (Spring 2030): credit for CSE 5720 lets 0 downstream course(s) be re-sequenced, but existing slack absorbs it."
alex,Pass,CSE 5000,Fall 2027,,0,0,Spring 2030,Spring 2030,0.972,1.06,True,"Graduation unchanged (Spring 2030): credit for CSE 5000 lets 0 downstream course(s) be re-sequenced, but existing slack absorbs it."
alex,Pass,PHYS 2500L,Fall 2027,,2,0,Spring 2030,Spring 2030,0.973,1.06,True,"Graduation unchanged (Spring 2030): credit for PHYS 2500L lets 2 downstream course(s) be re-sequenced, but existing slack absorbs it."
taylor,Fail,CSE 3100,Fall 2026,,4,0,Spring 2028,Spring 2028,0.724,0.503,True,"Graduation unchanged (Spring 2028): CSE 3100 must be retaken and gates 3 planned course(s), but existing slack absorbs it."
taylor,Withdraw,CSE 3100,Fall 2026,,4,0,Spring 2028,Spring 2028,0.667,0.503,True,"Graduation unchanged (Spring 2028): CSE 3100 must be retaken and gates 3 planned course(s), but existing slack absorbs it."
taylor,Fail,CSE 5720,Fall 2026,,1,1,Spring 2028,Fall 2028,0.626,0.503,True,Graduation delayed by 1 term(s) (Spring 2028 → Fall 2028) because CSE 5720 must be retaken and gates 0 planned course(s); CSE 5720 only runs once a year.
taylor,Withdraw,CSE 5720,Fall 2026,,1,1,Spring 2028,Fall 2028,0.628,0.503,True,Graduation delayed by 1 term(s) (Spring 2028 → Fall 2028) because CSE 5720 must be retaken and gates 0 planned course(s); CSE 5720 only runs once a year.
taylor,Fail,CSE 4600,Fall 2026,,1,0,Spring 2028,Spring 2028,0.596,0.503,True,"Graduation unchanged (Spring 2028): CSE 4600 must be retaken and gates 0 planned course(s), but existing slack absorbs it."
taylor,Withdraw,CSE 4600,Fall 2026,,1,0,Spring 2028,Spring 2028,0.596,0.503,True,"Graduation unchanged (Spring 2028): CSE 4600 must be retaken and gates 0 planned course(s), but existing slack absorbs it."
taylor,Fail,CSE 5000,Fall 2026,,1,0,Spring 2028,Spring 2028,0.585,0.503,True,"Graduation unchanged (Spring 2028): CSE 5000 must be retaken and gates 0 planned course(s), but existing slack absorbs it."
taylor,Withdraw,CSE 5000,Fall 2026,,1,0,Spring 2028,Spring 2028,0.701,0.503,True,"Graduation unchanged (Spring 2028): CSE 5000 must be retaken and gates 0 planned course(s), but existing slack absorbs it."
taylor,Fail,CSE 5700,Fall 2026,,1,1,Spring 2028,Fall 2028,0.649,0.503,True,Graduation delayed by 1 term(s) (Spring 2028 → Fall 2028) because CSE 5700 must be retaken and gates 0 planned course(s); CSE 5700 only runs once a year.
taylor,Withdraw,CSE 5700,Fall 2026,,1,1,Spring 2028,Fall 2028,0.627,0.503,True,Graduation delayed by 1 term(s) (Spring 2028 → Fall 2028) because CSE 5700 must be retaken and gates 0 planned course(s); CSE 5700 only runs once a year.
taylor,Fail,CSE 4010,Spring 2027,,3,0,Spring 2028,Spring 2028,0.605,0.503,True,"Graduation unchanged (Spring 2028): CSE 4010 must be retaken and gates 2 planned course(s), but existing slack absorbs it."
taylor,Withdraw,CSE 4010,Spring 2027,,3,0,Spring 2028,Spring 2028,0.598,0.503,True,"Graduation unchanged (Spring 2028): CSE 4010 must be retaken and gates 2 planned course(s), but existing slack absorbs it."
taylor,Fail,CSE 4310,Spring 2027,,1,0,Spring 2028,Spring 2028,0.589,0.503,True,"Graduation unchanged (Spring 2028): CSE 4310 must be retaken and gates 0 planned course(s), but existing slack absorbs it."
taylor,Withdraw,CSE 4310,Spring 2027,,1,0,Spring 2028,Spring 2028,0.646,0.503,True,"Graduation unchanged (Spring 2028): CSE 4310 must be retaken and gates 0 planned course(s), but existing slack absorbs it."
taylor,Fail,CSE 4100,Spring 2027,,1,0,Spring 2028,Spring 2028,0.609,0.503,True,"Graduation unchanged (Spring 2028): CSE 4100 must be retaken and gates 0 planned course(s), but existing slack absorbs it."
taylor,Withdraw,CSE 4100,Spring 2027,,1,0,Spring 2028,Spring 2028,0.625,0.503,True,"Graduation unchanged (Spring 2028): CSE 4100 must be retaken and gates 0 planned course(s), but existing slack absorbs it."
taylor,Fail,CSE 4050,Spring 2027,,1,0,Spring 2028,Spring 2028,0.612,0.503,True,"Graduation unchanged (Spring 2028): CSE 4050 must be retaken and gates 0 planned course(s), but existing slack absorbs it."
taylor,Withdraw,CSE 4050,Spring 2027,,1,0,Spring 2028,Spring 2028,0.583,0.503,True,"Graduation unchanged (Spring 2028): CSE 4050 must be retaken and gates 0 planned course(s), but existing slack absorbs it."
taylor,Fail,CSE 4400,Spring 2027,,1,0,Spring 2028,Spring 2028,0.591,0.503,True,"Graduation unchanged (Spring 2028): CSE 4400 must be retaken and gates 0 planned course(s), but existing slack absorbs it."
taylor,Withdraw,CSE 4400,Spring 2027,,1,0,Spring 2028,Spring 2028,0.579,0.503,True,"Graduation unchanged (Spring 2028): CSE 4400 must be retaken and gates 0 planned course(s), but existing slack absorbs it."
taylor,Fail,CSE 4550,Fall 2027,,1,0,Spring 2028,Spring 2028,0.571,0.503,True,"Graduation unchanged (Spring 2028): CSE 4550 must be retaken and gates 0 planned course(s), but existing slack absorbs it."
taylor,Withdraw,CSE 4550,Fall 2027,,1,0,Spring 2028,Spring 2028,0.568,0.503,True,"Graduation unchanged (Spring 2028): CSE 4550 must be retaken and gates 0 planned course(s), but existing slack absorbs it."
taylor,Fail,CSE 5120,Fall 2027,,1,0,Spring 2028,Spring 2028,0.778,0.503,True,"Graduation unchanged (Spring 2028): CSE 5120 must be retaken and gates 0 planned course(s), but existing slack absorbs it."
taylor,Withdraw,CSE 5120,Fall 2027,,1,0,Spring 2028,Spring 2028,0.618,0.503,True,"Graduation unchanged (Spring 2028): CSE 5120 must be retaken and gates 0 planned course(s), but existing slack absorbs it."
taylor,Fail,CSE 5360,Fall 2027,,1,0,Spring 2028,Spring 2028,0.581,0.503,True,"Graduation unchanged (Spring 2028): CSE 5360 must be retaken and gates 0 planned course(s), but existing slack absorbs it."
taylor,Withdraw,CSE 5360,Fall 2027,,1,0,Spring 2028,Spring 2028,0.579,0.503,True,"Graduation unchanged (Spring 2028): CSE 5360 must be retaken and gates 0 planned course(s), but existing slack absorbs it."
taylor,Fail,CSE 5500,Fall 2027,,1,0,Spring 2028,Spring 2028,0.569,0.503,True,"Graduation unchanged (Spring 2028): CSE 5500 must be retaken and gates 0 planned course(s), but existing slack absorbs it."
taylor,Withdraw,CSE 5500,Fall 2027,,1,0,Spring 2028,Spring 2028,0.569,0.503,True,"Graduation unchanged (Spring 2028): CSE 5500 must be retaken and gates 0 planned course(s), but existing slack absorbs it."
taylor,Fail,CSE 4880,Spring 2028,,1,2,Spring 2028,Spring 2029,0.594,0.503,True,Graduation delayed by 2 term(s) (Spring 2028 → Spring 2029) because CSE 4880 must be retaken and gates 0 planned course(s); CSE 4880 only runs once a year.
taylor,Withdraw,CSE 4880,Spring 2028,,1,2,Spring 2028,Spring 2029,0.659,0.503,True,Graduation delayed by 2 term(s) (Spring 2028 → Spring 2029) because CSE 4880 must be retaken and gates 0 planned course(s); CSE 4880 only runs once a year.
taylor,Fail,CSE 5250,Spring 2028,,1,2,Spring 2028,Spring 2029,0.638,0.503,True,Graduation delayed by 2 term(s) (Spring 2028 → Spring 2029) because CSE 5250 must be retaken and gates 0 planned course(s); CSE 5250 only runs once a year.
taylor,Withdraw,CSE 5250,Spring 2028,,1,2,Spring 2028,Spring 2029,0.612,0.503,True,Graduation delayed by 2 term(s) (Spring 2028 → Spring 2029) because CSE 5250 must be retaken and gates 0 planned course(s); CSE 5250 only runs once a year.
taylor,Add Summer,,Summer 2027,,9,0,Spring 2028,Spring 2028,0.688,0.503,True,"Graduation unchanged (Spring 2028): Summer 2027 adds up to 8 units of capacity, but existing slack absorbs it."
taylor,Change Unit Load,,Fall 2026,9,19,3,Spring 2028,Fall 2029,1.006,0.503,True,"Graduation delayed by 3 term(s) (Spring 2028 → Fall 2029) because the unit cap changed from 17 to 9; CSE 4100, CSE 4310, CSE 4880, CSE 5250, CSE 5700, CSE 5720 only run once a year."
taylor,Change Unit Load,,Fall 2026,12,19,2,Spring 2028,Spring 2029,0.896,0.503,True,"Graduation delayed by 2 term(s) (Spring 2028 → Spring 2029) because the unit cap changed from 17 to 12; CSE 4100, CSE 4310, CSE 4880, CSE 5250, CSE 5700, CSE 5720 only run once a year."
taylor,Change Unit Load,,Fall 2026,18,19,0,Spring 2028,Spring 2028,0.779,0.503,True,"Graduation unchanged (Spring 2028): the unit cap changed from 17 to 18, but existing slack absorbs it."
taylor,Pass,CSE 4010,Spring 2027,,1,0,Spring 2028,Spring 2028,0.618,0.503,True,"Graduation unchanged (Spring 2028): credit for CSE 4010 lets 1 downstream course(s) be re-sequenced, but existing slack absorbs it."
taylor,Pass,CSE 4310,Spring 2027,,0,0,Spring 2028,Spring 2028,0.571,0.503,True,"Graduation unchanged (Spring 2028): credit for CSE 4310 lets 0 downstream course(s) be re-sequenced, but existing slack absorbs it."
taylor,Pass,CSE 4100,Spring 2027,,0,0,Spring 2028,Spring 2028,0.573,0.503,True,"Graduation unchanged (Spring 2028): credit for CSE 4100 lets 0 downstream course(s) be re-sequenced, but existing slack absorbs it."
taylor,Pass,CSE 4050,Spring 2027,,0,0,Spring 2028,Spring 2028,0.562,0.503,True,"Graduation unchanged (Spring 2028): credit for CSE 4050 lets 0 downstream course(s) be re-sequenced, but existing slack absorbs it."
taylor,Pass,CSE 4400,Spring 2027,,0,0,Spring 2028,Spring 2028,0.563,0.503,True,"Graduation unchanged (Spring 2028): credit for CSE 4400 lets 0 downstream course(s) be re-sequenced, but existing slack absorbs it."
taylor,Pass,CSE 4550,Fall 2027,,0,0,Spring 2028,Spring 2028,0.554,0.503,True,"Graduation unchanged (Spring 2028): credit for CSE 4550 lets 0 downstream course(s) be re-sequenced, but existing slack absorbs it."
taylor,Pass,CSE 5120,Fall 2027,,0,0,Spring 2028,Spring 2028,0.549,0.503,True,"Graduation unchanged (Spring 2028): credit for CSE 5120 lets 0 downstream course(s) be re-sequenced, but existing slack absorbs it."
taylor,Pass,CSE 5360,Fall 2027,,0,0,Spring 2028,Spring 2028,0.599,0.503,True,"Graduation unchanged (Spring 2028): credit for CSE 5360 lets 0 downstream course(s) be re-sequenced, but existing slack absorbs it."
taylor,Pass,CSE 5500,Fall 2027,,0,0,Spring 2028,Spring 2028,0.585,0.503,True,"Graduation unchanged (Spring 2028): credit for CSE 5500 lets 0 downstream course(s) be re-sequenced, but existing slack absorbs it."
jordan,Fail,CSE 2010,Fall 2027,,22,0,Spring 2031,Spring 2031,1.316,0.898,True,"Graduation unchanged (Spring 2031): CSE 2010 must be retaken and gates 21 planned course(s), but existing slack absorbs it."
jordan,Withdraw,CSE 2010,Fall 2027,,22,0,Spring 2031,Spring 2031,1.347,0.898,True,"Graduation unchanged (Spring 2031): CSE 2010 must be retaken and gates 21 planned course(s), but existing slack absorbs it."
jordan,Fail,MATH 2310,Fall 2027,,2,0,Spring 2031,Spring 2031,0.94,0.898,True,"Graduation unchanged (Spring 2031): MATH 2310 must be retaken and gates 1 planned course(s), but existing slack absorbs it."
jordan,Withdraw,MATH 2310,Fall 2027,,2,0,Spring 2031,Spring 2031,0.944,0.898,True,"Graduation unchanged (Spring 2031): MATH 2310 must be retaken and gates 1 planned course(s), but existing slack absorbs it."
jordan,Fail,PHYS 2500,Fall 2027,,4,0,Spring 2031,Spring 2031,0.987,0.898,True,"Graduation unchanged (Spring 2031): PHYS 2500 must be retaken and gates 3 planned course(s), but existing slack absorbs it."
jordan,Withdraw,PHYS 2500,Fall 2027,,4,0,Spring 2031,Spring 2031,0.984,0.898,True,"Graduation unchanged (Spring 2031): PHYS 2500 must be retaken and gates 3 planned course(s), but existing slack absorbs it."
jordan,Fail,PHYS 2500L,Fall 2027,,2,0,Spring 2031,Spring 2031,0.902,0.898,True,"Graduation unchanged (Spring 2031): PHYS 2500L must be retaken and gates 1 planned course(s), but existing slack absorbs it."
jordan,Withdraw,PHYS 2500L,Fall 2027,,2,0,Spring 2031,Spring 2031,0.895,0.898,True,"Graduation unchanged (Spring 2031): PHYS 2500L must be retaken and gates 1 planned course(s), but existing slack absorbs it."
jordan,Fail,CSE 2020,Spring 2028,,13,0,Spring 2031,Spring 2031,1.288,0.898,True,"Graduation unchanged (Spring 2031): CSE 2020 must be retaken and gates 12 planned course(s), but existing slack absorbs it."
jordan,Withdraw,CSE 2020,Spring 2028,,13,0,Spring 2031,Spring 2031,1.285,0.898,True,"Graduation unchanged (Spring 2031): CSE 2020 must be retaken and gates 12 planned course(s), but existing slack absorbs it."
jordan,Fail,CSE 2130,Spring 2028,,6,0,Spring 2031,Spring 2031,1.038,0.898,True,"Graduation unchanged (Spring 2031): CSE 2130 must be retaken and gates 5 planned course(s), but existing slack absorbs it."
jordan,Withdraw,CSE 2130,Spring 2028,,6,0,Spring 2031,Spring 2031,1.003,0.898,True,"Graduation unchanged (Spring 2031): CSE 2130 must be retaken and gates 5 planned course(s), but existing slack absorbs it."
jordan,Fail,CSE 3100,Spring 2028,,3,0,Spring 2031,Spring 2031,0.931,0.898,True,"Graduation unchanged (Spring 2031): CSE 3100 must be retaken and gates 2 planned course(s), but existing slack absorbs it."
jordan,Withdraw,CSE 3100,Spring 2028,,3,0,Spring 2031,Spring 2031,1.553,0.898,True,"Graduation unchanged (Spring 2031): CSE 3100 must be retaken and gates 2 planned course(s), but existing slack absorbs it."
jordan,Fail,MATH 2265,Spring 2028,,1,0,Spring 2031,Spring 2031,1.448,0.898,True,"Graduation unchanged (Spring 2031): MATH 2265 must be retaken and gates 0 planned course(s), but existing slack absorbs it."
jordan,Withdraw,MATH 2265,Spring 2028,,1,0,Spring 2031,Spring 2031,0.944,0.898,True,"Graduation unchanged (Spring 2031): MATH 2265 must be retaken and gates 0 planned course(s), but existing slack absorbs it."
jordan,Fail,CSE 4010,Fall 2028,,2,0,Spring 2031,Spring 2031,0.925,0.898,True,"Graduation unchanged (Spring 2031): CSE 4010 must be retaken and gates 1 planned course(s), but existing slack absorbs it."
jordan,Withdraw,CSE 4010,Fall 2028,,2,0,Spring 2031,Spring 2031,1.26,0.898,True,"Graduation unchanged (Spring 2031): CSE 4010 must be retaken and gates 1 planned course(s), but existing slack absorbs it."
jordan,Fail,CSE 5720,Fall 2028,,1,1,Spring 2031,Fall 2031,1.026,0.898,True,Graduation delayed by 1 term(s) (Spring 2031 → Fall 2031) because CSE 5720 must be retaken and gates 0 planned course(s); CSE 5720 only runs once a year.
jordan,Withdraw,CSE 5720,Fall 2028,,1,1,Spring 2031,Fall 2031,0.933,0.898,True,Graduation delayed by 1 term(s) (Spring 2031 → Fall 2031) because CSE 5720 must be retaken and gates 0 planned course(s); CSE 5720 only runs once a year.
jordan,Fail,CSE 4600,Fall 2028,,1,0,Spring 2031,Spring 2031,0.903,0.898,True,"Graduation unchanged (Spring 2031): CSE 4600 must be retaken and gates 0 planned course(s), but existing slack absorbs it."
jordan,Withdraw,CSE 4600,Fall 2028,,1,0,Spring 2031,Spring 2031,0.901,0.898,True,"Graduation unchanged (Spring 2031): CSE 4600 must be retaken and gates 0 planned course(s), but existing slack absorbs it."
jordan,Fail,CSE 5000,Fall 2028,,1,0,Spring 2031,Spring 2031,1.086,0.898,True,"Graduation unchanged (Spring 2031): CSE 5000 must be retaken and gates 0 planned course(s), but existing slack absorbs it."
jordan,Withdraw,CSE 5000,Fall 2028,,1,0,Spring 2031,Spring 2031,0.948,0.898,True,"Graduation unchanged (Spring 2031): CSE 5000 must be retaken and gates 0 planned course(s), but existing slack absorbs it."
jordan,Fail,CSE 4310,Spring 2029,,1,0,Spring 2031,Spring 2031,0.893,0.898,True,"Graduation unchanged (Spring 2031): CSE 4310 must be retaken and gates 0 planned course(s), but existing slack absorbs it."
jordan,Withdraw,CSE 4310,Spring 2029,,1,0,Spring 2031,Spring 2031,0.874,0.898,True,"Graduation unchanged (Spring 2031): CSE 4310 must be retaken and gates 0 planned course(s), but existing slack absorbs it."
jordan,Fail,PHYS 2510,Spring 2029,,2,0,Spring 2031,Spring 2031,0.905,0.898,True,"Graduation unchanged (Spring 2031): PHYS 2510 must be retaken and gates 1 planned course(s), but existing slack absorbs it."
jordan,Withdraw,PHYS 2510,Spring 2029,,2,0,Spring 2031,Spring 2031,0.91,0.898,True,"Graduation unchanged (Spring 2031): PHYS 2510 must be retaken and gates 1 planned course(s), but existing slack absorbs it."
jordan,Fail,PHYS 2510L,Spring 2029,,1,0,Spring 2031,Spring 2031,0.971,0.898,True,"Graduation unchanged (Spring 2031): PHYS 2510L must be retaken and gates 0 planned course(s), but existing slack absorbs it."
jordan,Withdraw,PHYS 2510L,Spring 2029,,1,0,Spring 2031,Spring 2031,0.927,0.898,True,"Graduation unchanged (Spring 2031): PHYS 2510L must be retaken and gates 0 planned course(s), but existing slack absorbs it."
jordan,Fail,CSE 4100,Spring 2029,,1,0,Spring 2031,Spring 2031,0.898,0.898,True,"Graduation unchanged (Spring 2031): CSE 4100 must be retaken and gates 0 planned course(s), but existing slack absorbs it."
jordan,Withdraw,CSE 4100,Spring 2029,,1,0,Spring 2031,Spring 2031,0.91,0.898,True,"Graduation unchanged (Spring 2031): CSE 4100 must be retaken and gates 0 planned course(s), but existing slack absorbs it."
jordan,Fail,CSE 5250,Spring 2029,,1,0,Spring 2031,Spring 2031,0.877,0.898,True,"Graduation unchanged (Spring 2031): CSE 5250 must be retaken and gates 0 planned course(s), but existing slack absorbs it."
jordan,Withdraw,CSE 5250,Spring 2029,,1,0,Spring 2031,Spring 2031,0.949,0.898,True,"Graduation unchanged (Spring 2031): CSE 5250 must be retaken and gates 0 planned course(s), but existing slack absorbs it."
jordan,Fail,CSE 5700,Fall 2029,,1,1,Spring 2031,Fall 2031,0.945,0.898,True,Graduation delayed by 1 term(s) (Spring 2031 → Fall 2031) because CSE 5700 must be retaken and gates 0 planned course(s); CSE 5700 only runs once a year.
jordan,Withdraw,CSE 5700,Fall 2029,,1,1,Spring 2031,Fall 2031,0.896,0.898,True,Graduation delayed by 1 term(s) (Spring 2031 → Fall 2031) because CSE 5700 must be retaken and gates 0 planned course(s); CSE 5700 only runs once a year.
jordan,Fail,CSE 4050,Fall 2029,,1,0,Spring 2031,Spring 2031,0.866,0.898,True,"Graduation unchanged (Spring 2031): CSE 4050 must be retaken and gates 0 planned course(s), but existing slack absorbs it."
jordan,Withdraw,CSE 4050,Fall 2029,,1,0,Spring 2031,Spring 2031,0.875,0.898,True,"Graduation unchanged (Spring 2031): CSE 4050 must be retaken and gates 0 planned course(s), but existing slack absorbs it."
jordan,Fail,CSE 4400,Fall 2029,,1,0,Spring 2031,Spring 2031,0.866,0.898,True,"Graduation unchanged (Spring 2031): CSE 4400 must be retaken and gates 0 planned course(s), but existing slack absorbs it."
jordan,Withdraw,CSE 4400,Fall 2029,,1,0,Spring 2031,Spring 2031,0.901,0.898,True,"Graduation unchanged (Spring 2031): CSE 4400 must be retaken and gates 0 planned course(s), but existing slack absorbs it."
jordan,Fail,CSE 4550,Fall 2029,,1,0,Spring 2031,Spring 2031,0.873,0.898,True,"Graduation unchanged (Spring 2031): CSE 4550 must be retaken and gates 0 planned course(s), but existing slack absorbs it."
jordan,Withdraw,CSE 4550,Fall 2029,,1,0,Spring 2031,Spring 2031,0.858,0.898,True,"Graduation unchanged (Spring 2031): CSE 4550 must be retaken and gates 0 planned course(s), but existing slack absorbs it."
jordan,Fail,CSE 5120,Fall 2029,,1,0,Spring 2031,Spring 2031,0.862,0.898,True,"Graduation unchanged (Spring 2031): CSE 5120 must be retaken and gates 0 planned course(s), but existing slack absorbs it."
jordan,Withdraw,CSE 5120,Fall 2029,,1,0,Spring 2031,Spring 2031,0.867,0.898,True,"Graduation unchanged (Spring 2031): CSE 5120 must be retaken and gates 0 planned course(s), but existing slack absorbs it."
jordan,Fail,CSE 5360,Spring 2030,,1,0,Spring 2031,Spring 2031,0.929,0.898,True,"Graduation unchanged (Spring 2031): CSE 5360 must be retaken and gates 0 planned course(s), but existing slack absorbs it."
jordan,Withdraw,CSE 5360,Spring 2030,,1,0,Spring 2031,Spring 2031,0.934,0.898,True,"Graduation unchanged (Spring 2031): CSE 5360 must be retaken and gates 0 planned course(s), but existing slack absorbs it."
jordan,Fail,CSE 5500,Fall 2030,,1,0,Spring 2031,Spring 2031,0.884,0.898,True,"Graduation unchanged (Spring 2031): CSE 5500 must be retaken and gates 0 planned course(s), but existing slack absorbs it."
jordan,Withdraw,CSE 5500,Fall 2030,,1,0,Spring 2031,Spring 2031,0.866,0.898,True,"Graduation unchanged (Spring 2031): CSE 5500 must be retaken and gates 0 planned course(s), but existing slack absorbs it."
jordan,Fail,CSE 4880,Spring 2031,,1,2,Spring 2031,Spring 2032,0.872,0.898,True,Graduation delayed by 2 term(s) (Spring 2031 → Spring 2032) because CSE 4880 must be retaken and gates 0 planned course(s); CSE 4880 only runs once a year.
jordan,Withdraw,CSE 4880,Spring 2031,,1,2,Spring 2031,Spring 2032,0.862,0.898,True,Graduation delayed by 2 term(s) (Spring 2031 → Spring 2032) because CSE 4880 must be retaken and gates 0 planned course(s); CSE 4880 only runs once a year.
jordan,Add Summer,,Summer 2028,,25,-1,Spring 2031,Fall 2030,1.457,0.898,True,Graduation moved up by 1 term(s) (Spring 2031 → Fall 2030) because Summer 2028 adds up to 8 units of capacity.
jordan,Change Unit Load,,Fall 2027,9,33,4,Spring 2031,Spring 2033,1.973,0.898,True,"Graduation delayed by 4 term(s) (Spring 2031 → Spring 2033) because the unit cap changed from 15 to 9; CSE 4100, CSE 4310, CSE 4880, CSE 5250, CSE 5700, CSE 5720, PHYS 2510, PHYS 2510L only run once a year."
jordan,Change Unit Load,,Fall 2027,12,33,1,Spring 2031,Fall 2031,1.618,0.898,True,"Graduation delayed by 1 term(s) (Spring 2031 → Fall 2031) because the unit cap changed from 15 to 12; CSE 4100, CSE 4310, CSE 4880, CSE 5250, CSE 5700, CSE 5720, PHYS 2510, PHYS 2510L only run once a year."
jordan,Change Unit Load,,Fall 2027,18,33,-2,Spring 2031,Spring 2030,1.51,0.898,True,Graduation moved up by 2 term(s) (Spring 2031 → Spring 2030) because the unit cap changed from 15 to 18.
jordan,Pass,CSE 2020,Spring 2028,,12,0,Spring 2031,Spring 2031,1.105,0.898,True,"Graduation unchanged (Spring 2031): credit for CSE 2020 lets 12 downstream course(s) be re-sequenced, but existing slack absorbs it."
jordan,Pass,CSE 2130,Spring 2028,,5,0,Spring 2031,Spring 2031,0.962,0.898,True,"Graduation unchanged (Spring 2031): credit for CSE 2130 lets 5 downstream course(s) be re-sequenced, but existing slack absorbs it."
jordan,Pass,CSE 3100,Spring 2028,,2,0,Spring 2031,Spring 2031,0.906,0.898,True,"Graduation unchanged (Spring 2031): credit for CSE 3100 lets 2 downstream course(s) be re-sequenced, but existing slack absorbs it."
jordan,Pass,MATH 2265,Spring 2028,,0,0,Spring 2031,Spring 2031,0.861,0.898,True,"Graduation unchanged (Spring 2031): credit for MATH 2265 lets 0 downstream course(s) be re-sequenced, but existing slack absorbs it."
jordan,Pass,CSE 4010,Fall 2028,,1,0,Spring 2031,Spring 2031,0.864,0.898,True,"Graduation unchanged (Spring 2031): credit for CSE 4010 lets 1 downstream course(s) be re-sequenced, but existing slack absorbs it."
jordan,Pass,CSE 5720,Fall 2028,,0,0,Spring 2031,Spring 2031,0.918,0.898,True,"Graduation unchanged (Spring 2031): credit for CSE 5720 lets 0 downstream course(s) be re-sequenced, but existing slack absorbs it."
jordan,Pass,CSE 4600,Fall 2028,,0,0,Spring 2031,Spring 2031,0.943,0.898,True,"Graduation unchanged (Spring 2031): credit for CSE 4600 lets 0 downstream course(s) be re-sequenced, but existing slack absorbs it."
jordan,Pass,CSE 5000,Fall 2028,,0,0,Spring 2031,Spring 2031,0.865,0.898,True,"Graduation unchanged (Spring 2031): credit for CSE 5000 lets 0 downstream course(s) be re-sequenced, but existing slack absorbs it."
sam,Fail,CSE 5720,Fall 2028,,1,1,Spring 2030,Fall 2030,0.617,0.459,True,Graduation delayed by 1 term(s) (Spring 2030 → Fall 2030) because CSE 5720 must be retaken and gates 0 planned course(s); CSE 5720 only runs once a year.
sam,Withdraw,CSE 5720,Fall 2028,,1,1,Spring 2030,Fall 2030,0.59,0.459,True,Graduation delayed by 1 term(s) (Spring 2030 → Fall 2030) because CSE 5720 must be retaken and gates 0 planned course(s); CSE 5720 only runs once a year.
sam,Fail,CSE 5000,Fall 2028,,1,0,Spring 2030,Spring 2030,0.7,0.459,True,"Graduation unchanged (Spring 2030): CSE 5000 must be retaken and gates 0 planned course(s), but existing slack absorbs it."
sam,Withdraw,CSE 5000,Fall 2028,,1,0,Spring 2030,Spring 2030,0.786,0.459,True,"Graduation unchanged (Spring 2030): CSE 5000 must be retaken and gates 0 planned course(s), but existing slack absorbs it."
sam,Fail,CSE 5700,Fall 2028,,1,1,Spring 2030,Fall 2030,0.62,0.459,True,Graduation delayed by 1 term(s) (Spring 2030 → Fall 2030) because CSE 5700 must be retaken and gates 0 planned course(s); CSE 5700 only runs once a year.
sam,Withdraw,CSE 5700,Fall 2028,,1,1,Spring 2030,Fall 2030,0.598,0.459,True,Graduation delayed by 1 term(s) (Spring 2030 → Fall 2030) because CSE 5700 must be retaken and gates 0 planned course(s); CSE 5700 only runs once a year.
sam,Fail,CSE 4050,Fall 2028,,1,0,Spring 2030,Spring 2030,0.588,0.459,True,"Graduation unchanged (Spring 2030): CSE 4050 must be retaken and gates 0 planned course(s), but existing slack absorbs it."
sam,Withdraw,CSE 4050,Fall 2028,,1,0,Spring 2030,Spring 2030,0.573,0.459,True,"Graduation unchanged (Spring 2030): CSE 4050 must be retaken and gates 0 planned course(s), but existing slack absorbs it."
sam,Fail,CSE 4400,Fall 2028,,1,0,Spring 2030,Spring 2030,0.576,0.459,True,"Graduation unchanged (Spring 2030): CSE 4400 must be retaken and gates 0 planned course(s), but existing slack absorbs it."
sam,Withdraw,CSE 4400,Fall 2028,,1,0,Spring 2030,Spring 2030,0.565,0.459,True,"Graduation unchanged (Spring 2030): CSE 4400 must be retaken and gates 0 planned course(s), but existing slack absorbs it."
sam,Fail,PHYS 2510,Spring 2029,,2,0,Spring 2030,Spring 2030,0.63,0.459,True,"Graduation unchanged (Spring 2030): PHYS 2510 must be retaken and gates 1 planned course(s), but existing slack absorbs it."
sam,Withdraw,PHYS 2510,Spring 2029,,2,0,Spring 2030,Spring 2030,0.597,0.459,True,"Graduation unchanged (Spring 2030): PHYS 2510 must be retaken and gates 1 planned course(s), but existing slack absorbs it."
sam,Fail,PHYS 2510L,Spring 2029,,1,0,Spring 2030,Spring 2030,0.577,0.459,True,"Graduation unchanged (Spring 2030): PHYS 2510L must be retaken and gates 0 planned course(s), but existing slack absorbs it."
sam,Withdraw,PHYS 2510L,Spring 2029,,1,0,Spring 2030,Spring 2030,0.607,0.459,True,"Graduation unchanged (Spring 2030): PHYS 2510L must be retaken and gates 0 planned course(s), but existing slack absorbs it."
sam,Fail,CSE 4100,Spring 2029,,1,0,Spring 2030,Spring 2030,0.581,0.459,True,"Graduation unchanged (Spring 2030): CSE 4100 must be retaken and gates 0 planned course(s), but existing slack absorbs it."
sam,Withdraw,CSE 4100,Spring 2029,,1,0,Spring 2030,Spring 2030,0.565,0.459,True,"Graduation unchanged (Spring 2030): CSE 4100 must be retaken and gates 0 planned course(s), but existing slack absorbs it."
sam,Fail,CSE 5250,Spring 2029,,1,0,Spring 2030,Spring 2030,0.565,0.459,True,"Graduation unchanged (Spring 2030): CSE 5250 must be retaken and gates 0 planned course(s), but existing slack absorbs it."
sam,Withdraw,CSE 5250,Spring 2029,,1,0,Spring 2030,Spring 2030,0.947,0.459,True,"Graduation unchanged (Spring 2030): CSE 5250 must be retaken and gates 0 planned course(s), but existing slack absorbs it."
sam,Fail,CSE 5120,Spring 2029,,1,0,Spring 2030,Spring 2030,0.594,0.459,True,"Graduation unchanged (Spring 2030): CSE 5120 must be retaken and gates 0 planned course(s), but existing slack absorbs it."
sam,Withdraw,CSE 5120,Spring 2029,,1,0,Spring 2030,Spring 2030,0.566,0.459,True,"Graduation unchanged (Spring 2030): CSE 5120 must be retaken and gates 0 planned course(s), but existing slack absorbs it."
sam,Fail,CSE 5360,Fall 2029,,1,0,Spring 2030,Spring 2030,0.553,0.459,True,"Graduation unchanged (Spring 2030): CSE 5360 must be retaken and gates 0 planned course(s), but existing slack absorbs it."
sam,Withdraw,CSE 5360,Fall 2029,,1,0,Spring 2030,Spring 2030,0.545,0.459,True,"Graduation unchanged (Spring 2030): CSE 5360 must be retaken and gates 0 planned course(s), but existing slack absorbs it."
sam,Fail,CSE 5500,Fall 2029,,1,0,Spring 2030,Spring 2030,0.545,0.459,True,"Graduation unchanged (Spring 2030): CSE 5500 must be retaken and gates 0 planned course(s), but existing slack absorbs it."
sam,Withdraw,CSE 5500,Fall 2029,,1,0,Spring 2030,Spring 2030,0.563,0.459,True,"Graduation unchanged (Spring 2030): CSE 5500 must be retaken and gates 0 planned course(s), but existing slack absorbs it."
sam,Fail,CSE 4880,Spring 2030,,1,2,Spring 2030,Spring 2031,0.685,0.459,True,Graduation delayed by 2 term(s) (Spring 2030 → Spring 2031) because CSE 4880 must be retaken and gates 0 planned course(s); CSE 4880 only runs once a year.
sam,Withdraw,CSE 4880,Spring 2030,,1,2,Spring 2030,Spring 2031,0.606,0.459,True,Graduation delayed by 2 term(s) (Spring 2030 → Spring 2031) because CSE 4880 must be retaken and gates 0 planned course(s); CSE 4880 only runs once a year.
sam,Add Summer,,Summer 2029,,7,0,Spring 2030,Spring 2030,0.644,0.459,True,"Graduation unchanged (Spring 2030): Summer 2029 adds up to 8 units of capacity, but existing slack absorbs it."
sam,Change Unit Load,,Fall 2028,9,17,2,Spring 2030,Spring 2031,0.853,0.459,True,"Graduation delayed by 2 term(s) (Spring 2030 → Spring 2031) because the unit cap changed from 15 to 9; CSE 4100, CSE 4880, CSE 5250, CSE 5700, CSE 5720, PHYS 2510, PHYS 2510L only run once a year."
sam,Change Unit Load,,Fall 2028,12,17,1,Spring 2030,Fall 2030,0.775,0.459,True,"Graduation delayed by 1 term(s) (Spring 2030 → Fall 2030) because the unit cap changed from 15 to 12; CSE 4100, CSE 4880, CSE 5250, CSE 5700, CSE 5720, PHYS 2510, PHYS 2510L only run once a year."
sam,Change Unit Load,,Fall 2028,18,17,0,Spring 2030,Spring 2030,0.708,0.459,True,"Graduation unchanged (Spring 2030): the unit cap changed from 15 to 18, but existing slack absorbs it."
sam,Pass,PHYS 2510,Spring 2029,,1,0,Spring 2030,Spring 2030,0.543,0.459,True,"Graduation unchanged (Spring 2030): credit for PHYS 2510 lets 1 downstream course(s) be re-sequenced, but existing slack absorbs it."
sam,Pass,PHYS 2510L,Spring 2029,,0,0,Spring 2030,Spring 2030,0.639,0.459,True,"Graduation unchanged (Spring 2030): credit for PHYS 2510L lets 0 downstream course(s) be re-sequenced, but existing slack absorbs it."
sam,Pass,CSE 4100,Spring 2029,,0,0,Spring 2030,Spring 2030,0.575,0.459,True,"Graduation unchanged (Spring 2030): credit for CSE 4100 lets 0 downstream course(s) be re-sequenced, but existing slack absorbs it."
sam,Pass,CSE 5250,Spring 2029,,0,0,Spring 2030,Spring 2030,0.562,0.459,True,"Graduation unchanged (Spring 2030): credit for CSE 5250 lets 0 downstream course(s) be re-sequenced, but existing slack absorbs it."
sam,Pass,CSE 5120,Spring 2029,,0,0,Spring 2030,Spring 2030,0.54,0.459,True,"Graduation unchanged (Spring 2030): credit for CSE 5120 lets 0 downstream course(s) be re-sequenced, but existing slack absorbs it."
sam,Pass,CSE 5360,Fall 2029,,0,0,Spring 2030,Spring 2030,0.529,0.459,True,"Graduation unchanged (Spring 2030): credit for CSE 5360 lets 0 downstream course(s) be re-sequenced, but existing slack absorbs it."
sam,Pass,CSE 5500,Fall 2029,,0,0,Spring 2030,Spring 2030,0.536,0.459,True,"Graduation unchanged (Spring 2030): credit for CSE 5500 lets 0 downstream course(s) be re-sequenced, but existing slack absorbs it."
riley,Fail,CSE 2130,Fall 2027,,7,3,Fall 2032,Spring 2034,1.222,1.201,True,"Graduation delayed by 3 term(s) (Fall 2032 → Spring 2034) because CSE 2130 must be retaken and gates 6 planned course(s); CSE 4880, CSE 5250, CSE 5700 only run once a year."
riley,Withdraw,CSE 2130,Fall 2027,,7,3,Fall 2032,Spring 2034,1.094,1.201,True,"Graduation delayed by 3 term(s) (Fall 2032 → Spring 2034) because CSE 2130 must be retaken and gates 6 planned course(s); CSE 4880, CSE 5250, CSE 5700 only run once a year."
riley,Fail,MATH 2310,Fall 2027,,3,3,Fall 2032,Spring 2034,1.024,1.201,True,Graduation delayed by 3 term(s) (Fall 2032 → Spring 2034) because MATH 2310 must be retaken and gates 2 planned course(s); CSE 4310 only runs once a year.
riley,Withdraw,MATH 2310,Fall 2027,,3,3,Fall 2032,Spring 2034,1.011,1.201,True,Graduation delayed by 3 term(s) (Fall 2032 → Spring 2034) because MATH 2310 must be retaken and gates 2 planned course(s); CSE 4310 only runs once a year.
riley,Fail,CSE 3100,Spring 2028,,5,3,Fall 2032,Spring 2034,1.003,1.201,True,"Graduation delayed by 3 term(s) (Fall 2032 → Spring 2034) because CSE 3100 must be retaken and gates 4 planned course(s); CSE 4880, CSE 5250 only run once a year."
riley,Withdraw,CSE 3100,Spring 2028,,5,3,Fall 2032,Spring 2034,1.218,1.201,True,"Graduation delayed by 3 term(s) (Fall 2032 → Spring 2034) because CSE 3100 must be retaken and gates 4 planned course(s); CSE 4880, CSE 5250 only run once a year."
riley,Fail,PHYS 2500,Spring 2028,,6,1,Fall 2032,Spring 2033,1.059,1.201,True,"Graduation delayed by 1 term(s) (Fall 2032 → Spring 2033) because PHYS 2500 must be retaken and gates 5 planned course(s); CSE 4880, PHYS 2510, PHYS 2510L only run once a year."
riley,Withdraw,PHYS 2500,Spring 2028,,6,1,Fall 2032,Spring 2033,1.041,1.201,True,"Graduation delayed by 1 term(s) (Fall 2032 → Spring 2033) because PHYS 2500 must be retaken and gates 5 planned course(s); CSE 4880, PHYS 2510, PHYS 2510L only run once a year."
riley,Fail,PHYS 2500L,Spring 2028,,2,0,Fall 2032,Fall 2032,0.86,1.201,True,"Graduation unchanged (Fall 2032): PHYS 2500L must be retaken and gates 1 planned course(s), but existing slack absorbs it."
riley,Withdraw,PHYS 2500L,Spring 2028,,2,0,Fall 2032,Fall 2032,0.869,1.201,True,"Graduation unchanged (Fall 2032): PHYS 2500L must be retaken and gates 1 planned course(s), but existing slack absorbs it."
riley,Fail,CSE 4010,Fall 2028,,3,3,Fall 2032,Spring 2034,1.134,1.201,True,Graduation delayed by 3 term(s) (Fall 2032 → Spring 2034) because CSE 4010 must be retaken and gates 2 planned course(s); CSE 5250 only runs once a year.
riley,Withdraw,CSE 4010,Fall 2028,,3,3,Fall 2032,Spring 2034,1.009,1.201,True,Graduation delayed by 3 term(s) (Fall 2032 → Spring 2034) because CSE 4010 must be retaken and gates 2 planned course(s); CSE 5250 only runs once a year.
riley,Fail,CSE 5720,Fall 2028,,1,2,Fall 2032,Fall 2033,0.922,1.201,True,Graduation delayed by 2 term(s) (Fall 2032 → Fall 2033) because CSE 5720 must be retaken and gates 0 planned course(s); CSE 5720 only runs once a year.
riley,Withdraw,CSE 5720,Fall 2028,,1,2,Fall 2032,Fall 2033,0.909,1.201,True,Graduation delayed by 2 term(s) (Fall 2032 → Fall 2033) because CSE 5720 must be retaken and gates 0 planned course(s); CSE 5720 only runs once a year.
riley,Fail,CSE 4310,Spring 2029,,1,1,Fall 2032,Spring 2033,0.888,1.201,True,Graduation delayed by 1 term(s) (Fall 2032 → Spring 2033) because CSE 4310 must be retaken and gates 0 planned course(s); CSE 4310 only runs once a year.
riley,Withdraw,CSE 4310,Spring 2029,,1,1,Fall 2032,Spring 2033,0.964,1.201,True,Graduation delayed by 1 term(s) (Fall 2032 → Spring 2033) because CSE 4310 must be retaken and gates 0 planned course(s); CSE 4310 only runs once a year.
riley,Fail,MATH 2265,Spring 2029,,1,1,Fall 2032,Spring 2033,0.909,1.201,True,Graduation delayed by 1 term(s) (Fall 2032 → Spring 2033) because MATH 2265 must be retaken and gates 0 planned course(s).
riley,Withdraw,MATH 2265,Spring 2029,,1,1,Fall 2032,Spring 2033,0.899,1.201,True,Graduation delayed by 1 term(s) (Fall 2032 → Spring 2033) because MATH 2265 must be retaken and gates 0 planned course(s).
riley,Fail,CSE 4600,Spring 2029,,1,1,Fall 2032,Spring 2033,0.887,1.201,True,Graduation delayed by 1 term(s) (Fall 2032 → Spring 2033) because CSE 4600 must be retaken and gates 0 planned course(s).
riley,Withdraw,CSE 4600,Spring 2029,,1,1,Fall 2032,Spring 2033,1.128,1.201,True,Graduation delayed by 1 term(s) (Fall 2032 → Spring 2033) because CSE 4600 must be retaken and gates 0 planned course(s).
riley,Fail,CSE 5000,Fall 2029,,1,1,Fall 2032,Spring 2033,1.315,1.201,True,Graduation delayed by 1 term(s) (Fall 2032 → Spring 2033) because CSE 5000 must be retaken and gates 0 planned course(s).
riley,Withdraw,CSE 5000,Fall 2029,,1,1,Fall 2032,Spring 2033,1.078,1.201,True,Graduation delayed by 1 term(s) (Fall 2032 → Spring 2033) because CSE 5000 must be retaken and gates 0 planned course(s).
riley,Fail,CSE 5700,Fall 2029,,1,2,Fall 2032,Fall 2033,0.931,1.201,True,Graduation delayed by 2 term(s) (Fall 2032 → Fall 2033) because CSE 5700 must be retaken and gates 0 planned course(s); CSE 5700 only runs once a year.
riley,Withdraw,CSE 5700,Fall 2029,,1,2,Fall 2032,Fall 2033,0.898,1.201,True,Graduation delayed by 2 term(s) (Fall 2032 → Fall 2033) because CSE 5700 must be retaken and gates 0 planned course(s); CSE 5700 only runs once a year.
riley,Fail,CSE 4050,Fall 2029,,1,1,Fall 2032,Spring 2033,0.888,1.201,True,Graduation delayed by 1 term(s) (Fall 2032 → Spring 2033) because CSE 4050 must be retaken and gates 0 planned course(s).
riley,Withdraw,CSE 4050,Fall 2029,,1,1,Fall 2032,Spring 2033,0.867,1.201,True,Graduation delayed by 1 term(s) (Fall 2032 → Spring 2033) because CSE 4050 must be retaken and gates 0 planned course(s).
riley,Fail,PHYS 2510,Spring 2030,,3,1,Fall 2032,Spring 2033,0.927,1.201,True,"Graduation delayed by 1 term(s) (Fall 2032 → Spring 2033) because PHYS 2510 must be retaken and gates 2 planned course(s); PHYS 2510, PHYS 2510L only run once a year."
riley,Withdraw,PHYS 2510,Spring 2030,,3,1,Fall 2032,Spring 2033,1.346,1.201,True,"Graduation delayed by 1 term(s) (Fall 2032 → Spring 2033) because PHYS 2510 must be retaken and gates 2 planned course(s); PHYS 2510, PHYS 2510L only run once a year."
riley,Fail,PHYS 2510L,Spring 2030,,1,1,Fall 2032,Spring 2033,0.908,1.201,True,Graduation delayed by 1 term(s) (Fall 2032 → Spring 2033) because PHYS 2510L must be retaken and gates 0 planned course(s); PHYS 2510L only runs once a year.
riley,Withdraw,PHYS 2510L,Spring 2030,,1,1,Fall 2032,Spring 2033,0.887,1.201,True,Graduation delayed by 1 term(s) (Fall 2032 → Spring 2033) because PHYS 2510L must be retaken and gates 0 planned course(s); PHYS 2510L only runs once a year.
riley,Fail,CSE 4100,Spring 2030,,1,1,Fall 2032,Spring 2033,0.869,1.201,True,Graduation delayed by 1 term(s) (Fall 2032 → Spring 2033) because CSE 4100 must be retaken and gates 0 planned course(s); CSE 4100 only runs once a year.
riley,Withdraw,CSE 4100,Spring 2030,,1,1,Fall 2032,Spring 2033,0.865,1.201,True,Graduation delayed by 1 term(s) (Fall 2032 → Spring 2033) because CSE 4100 must be retaken and gates 0 planned course(s); CSE 4100 only runs once a year.
riley,Fail,CSE 4400,Fall 2030,,1,1,Fall 2032,Spring 2033,0.865,1.201,True,Graduation delayed by 1 term(s) (Fall 2032 → Spring 2033) because CSE 4400 must be retaken and gates 0 planned course(s).
riley,Withdraw,CSE 4400,Fall 2030,,1,1,Fall 2032,Spring 2033,0.863,1.201,True,Graduation delayed by 1 term(s) (Fall 2032 → Spring 2033) because CSE 4400 must be retaken and gates 0 planned course(s).
riley,Fail,CSE 4550,Fall 2030,,1,1,Fall 2032,Spring 2033,0.859,1.201,True,Graduation delayed by 1 term(s) (Fall 2032 → Spring 2033) because CSE 4550 must be retaken and gates 0 planned course(s).
riley,Withdraw,CSE 4550,Fall 2030,,1,1,Fall 2032,Spring 2033,0.862,1.201,True,Graduation delayed by 1 term(s) (Fall 2032 → Spring 2033) because CSE 4550 must be retaken and gates 0 planned course(s).
riley,Fail,CSE 5120,Fall 2030,,1,1,Fall 2032,Spring 2033,0.914,1.201,True,Graduation delayed by 1 term(s) (Fall 2032 → Spring 2033) because CSE 5120 must be retaken and gates 0 planned course(s).
riley,Withdraw,CSE 5120,Fall 2030,,1,1,Fall 2032,Spring 2033,0.918,1.201,True,Graduation delayed by 1 term(s) (Fall 2032 → Spring 2033) because CSE 5120 must be retaken and gates 0 planned course(s).
riley,Fail,CSE 5250,Spring 2031,,1,1,Fall 2032,Spring 2033,0.866,1.201,True,Graduation delayed by 1 term(s) (Fall 2032 → Spring 2033) because CSE 5250 must be retaken and gates 0 planned course(s); CSE 5250 only runs once a year.
riley,Withdraw,CSE 5250,Spring 2031,,1,1,Fall 2032,Spring 2033,0.924,1.201,True,Graduation delayed by 1 term(s) (Fall 2032 → Spring 2033) because CSE 5250 must be retaken and gates 0 planned course(s); CSE 5250 only runs once a year.
riley,Fail,CSE 5360,Spring 2031,,1,1,Fall 2032,Spring 2033,0.979,1.201,True,Graduation delayed by 1 term(s) (Fall 2032 → Spring 2033) because CSE 5360 must be retaken and gates 0 planned course(s).
riley,Withdraw,CSE 5360,Spring 2031,,1,1,Fall 2032,Spring 2033,0.948,1.201,True,Graduation delayed by 1 term(s) (Fall 2032 → Spring 2033) because CSE 5360 must be retaken and gates 0 planned course(s).
riley,Fail,CSE 5500,Fall 2031,,1,1,Fall 2032,Spring 2033,0.988,1.201,True,Graduation delayed by 1 term(s) (Fall 2032 → Spring 2033) because CSE 5500 must be retaken and gates 0 planned course(s).
riley,Withdraw,CSE 5500,Fall 2031,,1,1,Fall 2032,Spring 2033,0.97,1.201,True,Graduation delayed by 1 term(s) (Fall 2032 → Spring 2033) because CSE 5500 must be retaken and gates 0 planned course(s).
riley,Fail,CSE 4880,Spring 2032,,1,1,Fall 2032,Spring 2033,0.883,1.201,True,Graduation delayed by 1 term(s) (Fall 2032 → Spring 2033) because CSE 4880 must be retaken and gates 0 planned course(s); CSE 4880 only runs once a year.
riley,Withdraw,CSE 4880,Spring 2032,,1,1,Fall 2032,Spring 2033,0.906,1.201,True,Graduation delayed by 1 term(s) (Fall 2032 → Spring 2033) because CSE 4880 must be retaken and gates 0 planned course(s); CSE 4880 only runs once a year.
riley,Add Summer,,Summer 2028,,26,-1,Fall 2032,Spring 2032,1.842,1.201,True,Graduation moved up by 1 term(s) (Fall 2032 → Spring 2032) because Summer 2028 adds up to 8 units of capacity.
riley,Change Unit Load,,Fall 2027,9,31,0,Fall 2032,Fall 2032,2.019,1.201,True,"Graduation unchanged (Fall 2032): the unit cap changed from 9 to 9, but existing slack absorbs it."
riley,Change Unit Load,,Fall 2027,12,31,-3,Fall 2032,Spring 2031,1.596,1.201,True,Graduation moved up by 3 term(s) (Fall 2032 → Spring 2031) because the unit cap changed from 9 to 12.
riley,Change Unit Load,,Fall 2027,18,31,-5,Fall 2032,Spring 2030,1.292,1.201,True,Graduation moved up by 5 term(s) (Fall 2032 → Spring 2030) because the unit cap changed from 9 to 18.
riley,Pass,CSE 3100,Spring 2028,,3,0,Fall 2032,Fall 2032,1.051,1.201,True,"Graduation unchanged (Fall 2032): credit for CSE 3100 lets 3 downstream course(s) be re-sequenced, but existing slack absorbs it."
riley,Pass,PHYS 2500,Spring 2028,,4,0,Fall 2032,Fall 2032,0.932,1.201,True,"Graduation unchanged (Fall 2032): credit for PHYS 2500 lets 4 downstream course(s) be re-sequenced, but existing slack absorbs it."
riley,Pass,PHYS 2500L,Spring 2028,,1,0,Fall 2032,Fall 2032,0.868,1.201,True,"Graduation unchanged (Fall 2032): credit for PHYS 2500L lets 1 downstream course(s) be re-sequenced, but existing slack absorbs it."
riley,Pass,CSE 4010,Fall 2028,,1,0,Fall 2032,Fall 2032,0.878,1.201,True,"Graduation unchanged (Fall 2032): credit for CSE 4010 lets 1 downstream course(s) be re-sequenced, but existing slack absorbs it."
riley,Pass,CSE 5720,Fall 2028,,0,0,Fall 2032,Fall 2032,0.834,1.201,True,"Graduation unchanged (Fall 2032): credit for CSE 5720 lets 0 downstream course(s) be re-sequenced, but existing slack absorbs it."
morgan,Fail,CSE 4880,Spring 2027,,1,1,Fall 2027,Spring 2028,0.44,0.331,True,Graduation delayed by 1 term(s) (Fall 2027 → Spring 2028) because CSE 4880 must be retaken and gates 0 planned course(s); CSE 4880 only runs once a year.
morgan,Withdraw,CSE 4880,Spring 2027,,1,1,Fall 2027,Spring 2028,0.419,0.331,True,Graduation delayed by 1 term(s) (Fall 2027 → Spring 2028) because CSE 4880 must be retaken and gates 0 planned course(s); CSE 4880 only runs once a year.
morgan,Fail,CSE 5460,Spring 2027,,1,0,Fall 2027,Fall 2027,0.407,0.331,True,"Graduation unchanged (Fall 2027): CSE 5460 must be retaken and gates 0 planned course(s), but existing slack absorbs it."
morgan,Withdraw,CSE 5460,Spring 2027,,1,0,Fall 2027,Fall 2027,0.401,0.331,True,"Graduation unchanged (Fall 2027): CSE 5460 must be retaken and gates 0 planned course(s), but existing slack absorbs it."
morgan,Fail,CSE 5720,Fall 2027,,1,2,Fall 2027,Fall 2028,0.422,0.331,True,Graduation delayed by 2 term(s) (Fall 2027 → Fall 2028) because CSE 5720 must be retaken and gates 0 planned course(s); CSE 5720 only runs once a year.
morgan,Withdraw,CSE 5720,Fall 2027,,1,2,Fall 2027,Fall 2028,0.422,0.331,True,Graduation delayed by 2 term(s) (Fall 2027 → Fall 2028) because CSE 5720 must be retaken and gates 0 planned course(s); CSE 5720 only runs once a year.
morgan,Fail,CSE 5700,Fall 2027,,1,2,Fall 2027,Fall 2028,0.417,0.331,True,Graduation delayed by 2 term(s) (Fall 2027 → Fall 2028) because CSE 5700 must be retaken and gates 0 planned course(s); CSE 5700 only runs once a year.
morgan,Withdraw,CSE 5700,Fall 2027,,1,2,Fall 2027,Fall 2028,0.414,0.331,True,Graduation delayed by 2 term(s) (Fall 2027 → Fall 2028) because CSE 5700 must be retaken and gates 0 planned course(s); CSE 5700 only runs once a year.
morgan,Add Summer,,Summer 2027,,2,0,Fall 2027,Fall 2027,0.435,0.331,True,"Graduation unchanged (Fall 2027): Summer 2027 adds up to 8 units of capacity, but existing slack absorbs it."
morgan,Change Unit Load,,Spring 2027,9,5,0,Fall 2027,Fall 2027,0.428,0.331,True,"Graduation unchanged (Fall 2027): the unit cap changed from 15 to 9, but existing slack absorbs it."
morgan,Change Unit Load,,Spring 2027,12,5,0,Fall 2027,Fall 2027,0.477,0.331,True,"Graduation unchanged (Fall 2027): the unit cap changed from 15 to 12, but existing slack absorbs it."
morgan,Change Unit Load,,Spring 2027,18,5,0,Fall 2027,Fall 2027,0.48,0.331,True,"Graduation unchanged (Fall 2027): the unit cap changed from 15 to 18, but existing slack absorbs it."
morgan,Pass,CSE 5720,Fall 2027,,0,0,Fall 2027,Fall 2027,0.399,0.331,True,"Graduation unchanged (Fall 2027): credit for CSE 5720 lets 0 downstream course(s) be re-sequenced, but existing slack absorbs it."
morgan,Pass,CSE 5700,Fall 2027,,0,0,Fall 2027,Fall 2027,0.425,0.331,True,"Graduation unchanged (Fall 2027): credit for CSE 5700 lets 0 downstream course(s) be re-sequenced, but existing slack absorbs it."
